#clustering method	cluster number	cluster color	gene count	protein name	protein identifier	protein description
kmeans	1	Red	8	ASGR1	9606.ENSP00000269299	Asialoglycoprotein receptor 1; Mediates the endocytosis of plasma glycoproteins to which the terminal sialic acid residue on their complex carbohydrate moieties has been removed. The receptor recognizes terminal galactose and N- acetylgalactosamine units. After ligand binding to the receptor, the resulting complex is internalized and transported to a sorting organelle, where receptor and ligand are disassociated. The receptor then returns to the cell membrane surface.
kmeans	1	Red	8	CCL16	9606.ENSP00000478024	C-C motif chemokine 16; Shows chemotactic activity for lymphocytes and monocytes but not neutrophils. Also shows potent myelosuppressive activity, suppresses proliferation of myeloid progenitor cells. Recombinant SCYA16 shows chemotactic activity for monocytes and THP-1 monocytes, but not for resting lymphocytes and neutrophils. Induces a calcium flux in THP-1 cells that were desensitized by prior expression to RANTES.
kmeans	1	Red	8	CKAP4	9606.ENSP00000367265	Cytoskeleton-associated protein 4; High-affinity epithelial cell surface receptor for APF.
kmeans	1	Red	8	CLMP	9606.ENSP00000405577	CXADR-like membrane protein; May be involved in the cell-cell adhesion. May play a role in adipocyte differentiation and development of obesity. Is required for normal small intestine development.
kmeans	1	Red	8	CTSO	9606.ENSP00000414904	Cathepsin O; Proteolytic enzyme possibly involved in normal cellular protein degradation and turnover; Belongs to the peptidase C1 family.
kmeans	1	Red	8	F7	9606.ENSP00000364731	Coagulation factor VII; Initiates the extrinsic pathway of blood coagulation. Serine protease that circulates in the blood in a zymogen form. Factor VII is converted to factor VIIa by factor Xa, factor XIIa, factor IXa, or thrombin by minor proteolysis. In the presence of tissue factor and calcium ions, factor VIIa then converts factor X to factor Xa by limited proteolysis. Factor VIIa will also convert factor IX to factor IXa in the presence of tissue factor and calcium.
kmeans	1	Red	8	SPINK4	9606.ENSP00000369045	Serine peptidase inhibitor Kazal type 4.
kmeans	1	Red	8	TFPI	9606.ENSP00000233156	Tissue factor pathway inhibitor; Inhibits factor X (X(a)) directly and, in a Xa-dependent way, inhibits VIIa/tissue factor activity, presumably by forming a quaternary Xa/LACI/VIIa/TF complex. It possesses an antithrombotic action and also the ability to associate with lipoproteins in plasma.
kmeans	2	Brown	11	CCN4	9606.ENSP00000250160	CCN family member 4; Downstream regulator in the Wnt/Frizzled-signaling pathway. Associated with cell survival. Attenuates p53-mediated apoptosis in response to DNA damage through activation of AKT kinase. Up-regulates the anti-apoptotic Bcl-X(L) protein. Adheres to skin and melanoma fibroblasts. In vitro binding to skin fibroblasts occurs through the proteoglycans, decorin and biglycan; Belongs to the CCN family.
kmeans	2	Brown	11	CHRDL1	9606.ENSP00000361112	Chordin-like protein 1; Antagonizes the function of BMP4 by binding to it and preventing its interaction with receptors. Alters the fate commitment of neural stem cells from gliogenesis to neurogenesis. Contributes to neuronal differentiation of neural stem cells in the brain by preventing the adoption of a glial fate. May play a crucial role in dorsoventral axis formation. May play a role in embryonic bone formation (By similarity). May also play an important role in regulating retinal angiogenesis through modulation of BMP4 actions in endothelial cells. Plays a role during anterior s [...] 
kmeans	2	Brown	11	CLSTN2	9606.ENSP00000402460	Calsyntenin-2; May modulate calcium-mediated postsynaptic signals.
kmeans	2	Brown	11	CRIM1	9606.ENSP00000280527	Processed cysteine-rich motor neuron 1 protein; May play a role in CNS development by interacting with growth factors implicated in motor neuron differentiation and survival. May play a role in capillary formation and maintenance during angiogenesis. Modulates BMP activity by affecting its processing and delivery to the cell surface.
kmeans	2	Brown	11	FSTL3	9606.ENSP00000166139	Follistatin-related protein 3; Isoform 1 or the secreted form is a binding and antagonizing protein for members of the TGF-beta family, such us activin, BMP2 and MSTN. Inhibits activin A-, activin B-, BMP2- and MSDT-induced cellular signaling; more effective on activin A than on activin B. Involved in bone formation; inhibits osteoclast differentiationc. Involved in hematopoiesis; involved in differentiation of hemopoietic progenitor cells, increases hematopoietic cell adhesion to fibronectin and seems to contribute to the adhesion of hematopoietic precursor cells to the bone marrow st [...] 
kmeans	2	Brown	11	GRPEL1	9606.ENSP00000264954	GrpE protein homolog 1, mitochondrial; Essential component of the PAM complex, a complex required for the translocation of transit peptide-containing proteins from the inner membrane into the mitochondrial matrix in an ATP-dependent manner (By similarity). Seems to control the nucleotide-dependent binding of mitochondrial HSP70 to substrate proteins. Belongs to the GrpE family.
kmeans	2	Brown	11	IGFBPL1	9606.ENSP00000366923	Insulin-like growth factor-binding protein-like 1; IGF-binding proteins prolong the half-life of IGFs and have been shown to either inhibit or stimulate the growth promoting effects of the IGFs in cell culture. They alter the interaction of IGFs with their cell surface receptors (By similarity). May be a putative tumor suppressor protein.
kmeans	2	Brown	11	KYNU	9606.ENSP00000264170	Kynureninase; Catalyzes the cleavage of L-kynurenine (L-Kyn) and L-3- hydroxykynurenine (L-3OHKyn) into anthranilic acid (AA) and 3- hydroxyanthranilic acid (3-OHAA), respectively. Has a preference for the L-3-hydroxy form. Also has cysteine-conjugate-beta-lyase activity. Belongs to the kynureninase family.
kmeans	2	Brown	11	NCS1	9606.ENSP00000361475	Neuronal calcium sensor 1; Neuronal calcium sensor, regulator of G protein-coupled receptor phosphorylation in a calcium dependent manner. Directly regulates GRK1 (RHOK), but not GRK2 to GRK5. Can substitute for calmodulin (By similarity). Stimulates PI4KB kinase activity (By similarity). Involved in long-term synaptic plasticity through its interaction with PICK1 (By similarity). May also play a role in neuron differentiation through inhibition of the activity of N-type voltage- gated calcium channel (By similarity); Belongs to the recoverin family.
kmeans	2	Brown	11	SPON2	9606.ENSP00000483599	Spondin-2; Cell adhesion protein that promotes adhesion and outgrowth of hippocampal embryonic neurons. Binds directly to bacteria and their components and functions as an opsonin for macrophage phagocytosis of bacteria. Essential in the initiation of the innate immune response and represents a unique pattern-recognition molecule in the ECM for microbial pathogens (By similarity). Binds bacterial lipopolysaccharide (LPS).
kmeans	2	Brown	11	WFIKKN2	9606.ENSP00000311184	WAP, Kazal, immunoglobulin, Kunitz and NTR domain-containing protein 2; Protease-inhibitor that contains multiple distinct protease inhibitor domains. Probably has serine protease- and metalloprotease- inhibitor activity. Inhibits the biological activity of mature myostatin, but not activin (By similarity); Belongs to the WFIKKN family.
kmeans	3	Dark Golden Rod	5	CA3	9606.ENSP00000285381	Carbonic anhydrase 3; Reversible hydration of carbon dioxide.
kmeans	3	Dark Golden Rod	5	CDCP1	9606.ENSP00000296129	CUB domain-containing protein 1; May be involved in cell adhesion and cell matrix association. May play a role in the regulation of anchorage versus migration or proliferation versus differentiation via its phosphorylation. May be a novel marker for leukemia diagnosis and for immature hematopoietic stem cell subsets. Belongs to the tetraspanin web involved in tumor progression and metastasis.
kmeans	3	Dark Golden Rod	5	CTSZ	9606.ENSP00000217131	Cathepsin Z; Exhibits carboxy-monopeptidase as well as carboxy-dipeptidase activity. Capable of producing kinin potentiating peptides (By similarity); Belongs to the peptidase C1 family.
kmeans	3	Dark Golden Rod	5	QPCT	9606.ENSP00000344829	Glutaminyl-peptide cyclotransferase; Responsible for the biosynthesis of pyroglutamyl peptides. Has a bias against acidic and tryptophan residues adjacent to the N- terminal glutaminyl residue and a lack of importance of chain length after the second residue. Also catalyzes N-terminal pyroglutamate formation. In vitro, catalyzes pyroglutamate formation of N-terminally truncated form of APP amyloid-beta peptides [Glu-3]-amyloid-beta. May be involved in the N-terminal pyroglutamate formation of several amyloid-related plaque-forming peptides.
kmeans	3	Dark Golden Rod	5	RNASET2	9606.ENSP00000426455	Ribonuclease T2; Has ribonuclease activity, with higher activity at acidic pH. Probably is involved in lysosomal degradation of ribosomal RNA (By similarity). Probably plays a role in cellular RNA catabolism. Belongs to the RNase T2 family.
kmeans	4	Green Yellow	5	EPHA2	9606.ENSP00000351209	Ephrin type-A receptor 2; Receptor tyrosine kinase which binds promiscuously membrane- bound ephrin-A family ligands residing on adjacent cells, leading to contact-dependent bidirectional signaling into neighboring cells. The signaling pathway downstream of the receptor is referred to as forward signaling while the signaling pathway downstream of the ephrin ligand is referred to as reverse signaling. Activated by the ligand ephrin- A1/EFNA1 regulates migration, integrin-mediated adhesion, proliferation and differentiation of cells. Regulates cell adhesion and differentiation through DS [...] 
kmeans	4	Green Yellow	5	IGF2R	9606.ENSP00000349437	Cation-independent mannose-6-phosphate receptor; Transport of phosphorylated lysosomal enzymes from the Golgi complex and the cell surface to lysosomes. Lysosomal enzymes bearing phosphomannosyl residues bind specifically to mannose-6-phosphate receptors in the Golgi apparatus and the resulting receptor-ligand complex is transported to an acidic prelyosomal compartment where the low pH mediates the dissociation of the complex. This receptor also binds IGF2. Acts as a positive regulator of T-cell coactivation, by binding DPP4.
kmeans	4	Green Yellow	5	IGFBP2	9606.ENSP00000233809	Insulin-like growth factor-binding protein 2; Inhibits IGF-mediated growth and developmental rates. IGF- binding proteins prolong the half-life of the IGFs and have been shown to either inhibit or stimulate the growth promoting effects of the IGFs on cell culture. They alter the interaction of IGFs with their cell surface receptors.
kmeans	4	Green Yellow	5	LDLR	9606.ENSP00000454071	Low-density lipoprotein receptor; Binds LDL, the major cholesterol-carrying lipoprotein of plasma, and transports it into cells by endocytosis. In order to be internalized, the receptor-ligand complexes must first cluster into clathrin-coated pits. (Microbial infection) Acts as a receptor for Vesicular stomatitis virus; Belongs to the LDLR family.
kmeans	4	Green Yellow	5	PLAUR	9606.ENSP00000339328	Urokinase plasminogen activator surface receptor; Acts as a receptor for urokinase plasminogen activator. Plays a role in localizing and promoting plasmin formation. Mediates the proteolysis-independent signal transduction activation effects of U-PA. It is subject to negative-feedback regulation by U-PA which cleaves it into an inactive form.
kmeans	5	Green 2	9	CD300E	9606.ENSP00000376395	CMRF35-like molecule 2; Probably acts as an activating receptor.
kmeans	5	Green 2	9	CLEC4A	9606.ENSP00000229332	C-type lectin domain family 4 member A; C-type lectin receptor that binds carbohydrates mannose and fucose but also weakly interacts with N-acetylglucosamine (GlcNAc) in a Ca(2+)-dependent manner. Involved in regulating immune reactivity. Once triggered by antigen, it is internalized by clathrin-dependent endocytosis and delivers its antigenic cargo into the antigen presentation pathway resulting in cross-priming of CD8(+) T cells. This cross-presentation and cross-priming are enhanced by TLR7 and TLR8 agonists with increased expansion of the CD8(+) T cells, high production of IFNG and [...] 
kmeans	5	Green 2	9	COLEC12	9606.ENSP00000383115	Collectin-12; Scavenger receptor that displays several functions associated with host defense. Promotes binding and phagocytosis of Gram-positive, Gram-negative bacteria and yeast. Mediates the recognition, internalization and degradation of oxidatively modified low density lipoprotein (oxLDL) by vascular endothelial cells. Binds to several carbohydrates including Gal-type ligands, D-galactose, L- and D-fucose, GalNAc, T and Tn antigens in a calcium-dependent manner and internalizes specifically GalNAc in nurse-like cells. Binds also to sialyl Lewis X or a trisaccharide and asialo-oros [...] 
kmeans	5	Green 2	9	LAIR1	9606.ENSP00000375622	Leukocyte-associated immunoglobulin-like receptor 1; Functions as an inhibitory receptor that plays a constitutive negative regulatory role on cytolytic function of natural killer (NK) cells, B-cells and T-cells. Activation by Tyr phosphorylation results in recruitment and activation of the phosphatases PTPN6 and PTPN11. It also reduces the increase of intracellular calcium evoked by B-cell receptor ligation. May also play its inhibitory role independently of SH2-containing phosphatases. Modulates cytokine production in CD4+ T- cells, down-regulating IL2 and IFNG production while induc [...] 
kmeans	5	Green 2	9	LILRA5	9606.ENSP00000404236	Leukocyte immunoglobulin-like receptor subfamily A member 5; May play a role in triggering innate immune responses. Does not seem to play a role for any class I MHC antigen recognition.
kmeans	5	Green 2	9	PILRA	9606.ENSP00000198536	Paired immunoglobulin-like type 2 receptor alpha; Paired receptors consist of highly related activating and inhibitory receptors and are widely involved in the regulation of the immune system. PILRA is thought to act as a cellular signaling inhibitory receptor by recruiting cytoplasmic phosphatases like PTPN6/SHP-1 and PTPN11/SHP-2 via their SH2 domains that block signal transduction through dephosphorylation of signaling molecules. Receptor for PIANP.
kmeans	5	Green 2	9	PILRB	9606.ENSP00000391748	Paired immunoglobulin-like type 2 receptor beta; Paired receptors consist of highly related activating and inhibitory receptors and are widely involved in the regulation of the immune system. PILRB is thought to act as a cellular signaling activating receptor that associates with ITAM-bearing adapter molecules on the cell surface.
kmeans	5	Green 2	9	RBP5	9606.ENSP00000266560	Retinol-binding protein 5; Intracellular transport of retinol.
kmeans	5	Green 2	9	VSIG4	9606.ENSP00000363869	V-set and immunoglobulin domain-containing protein 4; Phagocytic receptor, strong negative regulator of T-cell proliferation and IL2 production. Potent inhibitor of the alternative complement pathway convertases.
kmeans	6	Green	14	ACVRL1	9606.ENSP00000373574	Serine/threonine-protein kinase receptor R3; Type I receptor for TGF-beta family ligands BMP9/GDF2 and BMP10 and important regulator of normal blood vessel development. On ligand binding, forms a receptor complex consisting of two type II and two type I transmembrane serine/threonine kinases. Type II receptors phosphorylate and activate type I receptors which autophosphorylate, then bind and activate SMAD transcriptional regulators. May bind activin as well.
kmeans	6	Green	14	ANGPT2	9606.ENSP00000314897	Angiopoietin-2; Binds to TEK/TIE2, competing for the ANGPT1 binding site, and modulating ANGPT1 signaling. Can induce tyrosine phosphorylation of TEK/TIE2 in the absence of ANGPT1. In the absence of angiogenic inducers, such as VEGF, ANGPT2-mediated loosening of cell-matrix contacts may induce endothelial cell apoptosis with consequent vascular regression. In concert with VEGF, it may facilitate endothelial cell migration and proliferation, thus serving as a permissive angiogenic signal.
kmeans	6	Green	14	BRK1	9606.ENSP00000432472	Protein BRICK1; Involved in regulation of actin and microtubule organization. Part of a WAVE complex that activates the Arp2/3 complex. As component of the WAVE1 complex, required for BDNF-NTRK2 endocytic trafficking and signaling from early endosomes (By similarity).
kmeans	6	Green	14	CD34	9606.ENSP00000310036	Hematopoietic progenitor cell antigen CD34; Possible adhesion molecule with a role in early hematopoiesis by mediating the attachment of stem cells to the bone marrow extracellular matrix or directly to stromal cells. Could act as a scaffold for the attachment of lineage specific glycans, allowing stem cells to bind to lectins expressed by stromal cells or other marrow components. Presents carbohydrate ligands to selectins.
kmeans	6	Green	14	CDH1	9606.ENSP00000261769	Cadherin-1; Cadherins are calcium-dependent cell adhesion proteins. They preferentially interact with themselves in a homophilic manner in connecting cells; cadherins may thus contribute to the sorting of heterogeneous cell types. CDH1 is involved in mechanisms regulating cell-cell adhesions, mobility and proliferation of epithelial cells. Has a potent invasive suppressor role. It is a ligand for integrin alpha-E/beta-7.  (Microbial infection) Serves as a receptor for Listeria monocytogenes; internalin A (InlA) binds to this protein and promotes uptake of the bacteria.
kmeans	6	Green	14	CSF1	9606.ENSP00000327513	Processed macrophage colony-stimulating factor 1; Cytokine that plays an essential role in the regulation of survival, proliferation and differentiation of hematopoietic precursor cells, especially mononuclear phagocytes, such as macrophages and monocytes. Promotes the release of proinflammatory chemokines, and thereby plays an important role in innate immunity and in inflammatory processes. Plays an important role in the regulation of osteoclast proliferation and differentiation, the regulation of bone resorption, and is required for normal bone development. Required for normal male a [...] 
kmeans	6	Green	14	EFNA1	9606.ENSP00000357392	Ephrin-A1, secreted form; Cell surface GPI-bound ligand for Eph receptors, a family of receptor tyrosine kinases which are crucial for migration, repulsion and adhesion during neuronal, vascular and epithelial development. Binds promiscuously Eph receptors residing on adjacent cells, leading to contact-dependent bidirectional signaling into neighboring cells. Plays an important role in angiogenesis and tumor neovascularization. The recruitment of VAV2, VAV3 and PI3-kinase p85 subunit by phosphorylated EPHA2 is critical for EFNA1-induced RAC1 GTPase activation and vascular endothelial c [...] 
kmeans	6	Green	14	EFNA4	9606.ENSP00000414378	Ephrin-A4; Cell surface GPI-bound ligand for Eph receptors, a family of receptor tyrosine kinases which are crucial for migration, repulsion and adhesion during neuronal, vascular and epithelial development. Binds promiscuously Eph receptors residing on adjacent cells, leading to contact-dependent bidirectional signaling into neighboring cells. May play a role in the interaction between activated B-lymphocytes and dendritic cells in tonsils.
kmeans	6	Green	14	ERBB3	9606.ENSP00000267101	Receptor tyrosine-protein kinase erbB-3; Tyrosine-protein kinase that plays an essential role as cell surface receptor for neuregulins. Binds to neuregulin-1 (NRG1) and is activated by it; ligand-binding increases phosphorylation on tyrosine residues and promotes its association with the p85 subunit of phosphatidylinositol 3-kinase. May also be activated by CSPG5. Involved in the regulation of myeloid cell differentiation.
kmeans	6	Green	14	FGF21	9606.ENSP00000471477	Fibroblast growth factor 21; Stimulates glucose uptake in differentiated adipocytes via the induction of glucose transporter SLC2A1/GLUT1 expression (but not SLC2A4/GLUT4 expression). Activity requires the presence of KLB. Belongs to the heparin-binding growth factors family.
kmeans	6	Green	14	HGF	9606.ENSP00000222390	Hepatocyte growth factor alpha chain; Potent mitogen for mature parenchymal hepatocyte cells, seems to be a hepatotrophic factor, and acts as a growth factor for a broad spectrum of tissues and cell types. Activating ligand for the receptor tyrosine kinase MET by binding to it and promoting its dimerization. Belongs to the peptidase S1 family. Plasminogen subfamily.
kmeans	6	Green	14	KDR	9606.ENSP00000263923	Vascular endothelial growth factor receptor 2; Tyrosine-protein kinase that acts as a cell-surface receptor for VEGFA, VEGFC and VEGFD. Plays an essential role in the regulation of angiogenesis, vascular development, vascular permeability, and embryonic hematopoiesis. Promotes proliferation, survival, migration and differentiation of endothelial cells. Promotes reorganization of the actin cytoskeleton. Isoforms lacking a transmembrane domain, such as isoform 2 and isoform 3, may function as decoy receptors for VEGFA, VEGFC and/or VEGFD. Isoform 2 plays an important role as negative reg [...] 
kmeans	6	Green	14	PGF	9606.ENSP00000451040	Placenta growth factor; Growth factor active in angiogenesis and endothelial cell growth, stimulating their proliferation and migration. It binds to the receptor FLT1/VEGFR-1. Isoform PlGF-2 binds NRP1/neuropilin-1 and NRP2/neuropilin-2 in a heparin-dependent manner. Also promotes cell tumor growth.
kmeans	6	Green	14	SCARB2	9606.ENSP00000264896	Lysosome membrane protein 2; Acts as a lysosomal receptor for glucosylceramidase (GBA) targeting.
kmeans	7	Blue	11	AGRN	9606.ENSP00000368678	Agrin C-terminal 110 kDa subunit; [Isoform 1]: heparan sulfate basal lamina glycoprotein that plays a central role in the formation and the maintenance of the neuromuscular junction (NMJ) and directs key events in postsynaptic differentiation. Component of the AGRN-LRP4 receptor complex that induces the phosphorylation and activation of MUSK. The activation of MUSK in myotubes induces the formation of NMJ by regulating different processes including the transcription of specific genes and the clustering of AChR in the postsynaptic membrane. Calcium ions are required for maximal AChR clu [...] 
kmeans	7	Blue	11	CALCA	9606.ENSP00000331746	Calcitonin; Calcitonin causes a rapid but short-lived drop in the level of calcium and phosphate in blood by promoting the incorporation of those ions in the bones.
kmeans	7	Blue	11	COL6A3	9606.ENSP00000295550	Collagen alpha-3(VI) chain; Collagen VI acts as a cell-binding protein.
kmeans	7	Blue	11	CST3	9606.ENSP00000381448	Cystatin-C; As an inhibitor of cysteine proteinases, this protein is thought to serve an important physiological role as a local regulator of this enzyme activity; Belongs to the cystatin family.
kmeans	7	Blue	11	DCN	9606.ENSP00000052754	Decorin; May affect the rate of fibrils formation.
kmeans	7	Blue	11	FGFBP1	9606.ENSP00000371770	Fibroblast growth factor-binding protein 1; Acts as a carrier protein that release fibroblast-binding factors (FGFs) from the extracellular matrix (EM) storage and thus enhance the mitogenic activity of FGFs. Enhances FGF2 signaling during tissue repair, angiogenesis and in tumor growth.
kmeans	7	Blue	11	HSPG2	9606.ENSP00000363827	Basement membrane-specific heparan sulfate proteoglycan core protein; Integral component of basement membranes. Component of the glomerular basement membrane (GBM), responsible for the fixed negative electrostatic membrane charge, and which provides a barrier which is both size- and charge-selective. It serves as an attachment substrate for cells. Plays essential roles in vascularization. Critical for normal heart development and for regulating the vascular response to injury. Also required for avascular cartilage development. The LG3 peptide has anti-angiogenic properties that require [...] 
kmeans	7	Blue	11	ITGA11	9606.ENSP00000327290	Integrin alpha-11; Integrin alpha-11/beta-1 is a receptor for collagen.
kmeans	7	Blue	11	NCAN	9606.ENSP00000252575	Neurocan core protein; May modulate neuronal adhesion and neurite growth during development by binding to neural cell adhesion molecules (NG-CAM and N- CAM). Chondroitin sulfate proteoglycan; binds to hyaluronic acid; Belongs to the aggrecan/versican proteoglycan family.
kmeans	7	Blue	11	NTRK3	9606.ENSP00000354207	NT-3 growth factor receptor; Receptor tyrosine kinase involved in nervous system and probably heart development. Upon binding of its ligand NTF3/neurotrophin-3, NTRK3 autophosphorylates and activates different signaling pathways, including the phosphatidylinositol 3-kinase/AKT and the MAPK pathways, that control cell survival and differentiation.
kmeans	7	Blue	11	THBS2	9606.ENSP00000355751	Thrombospondin-2; Adhesive glycoprotein that mediates cell-to-cell and cell-to- matrix interactions. Ligand for CD36 mediating antiangiogenic properties.
kmeans	8	Light Sky Blue	8	ADA2	9606.ENSP00000382731	Adenosine deaminase 2; Adenosine deaminase that may contribute to the degradation of extracellular adenosine, a signaling molecule that controls a variety of cellular responses. Requires elevated adenosine levels for optimal enzyme activity. Binds to cell surfaces via proteoglycans and may play a role in the regulation of cell proliferation and differentiation, independently of its enzyme activity.
kmeans	8	Light Sky Blue	8	APOM	9606.ENSP00000365081	Apolipoprotein M; Probably involved in lipid transport. Can bind sphingosine-1- phosphate, myristic acid, palmitic acid and stearic acid, retinol, all- trans-retinoic acid and 9-cis-retinoic acid.
kmeans	8	Light Sky Blue	8	CD302	9606.ENSP00000259053	CD302 antigen; Potential multifunctional C-type lectin receptor that may play roles in endocytosis and phagocytosis as well as in cell adhesion and migration.
kmeans	8	Light Sky Blue	8	CNDP1	9606.ENSP00000351682	Carnosine dipeptidase 1; Belongs to the peptidase M20A family.
kmeans	8	Light Sky Blue	8	GFRA1	9606.ENSP00000347591	GDNF family receptor alpha-1; Receptor for GDNF. Mediates the GDNF-induced autophosphorylation and activation of the RET receptor (By similarity).
kmeans	8	Light Sky Blue	8	HNMT	9606.ENSP00000280097	Histamine N-methyltransferase; Inactivates histamine by N-methylation. Plays an important role in degrading histamine and in regulating the airway response to histamine.
kmeans	8	Light Sky Blue	8	ITIH3	9606.ENSP00000415769	Inter-alpha-trypsin inhibitor heavy chain H3; May act as a carrier of hyaluronan in serum or as a binding protein between hyaluronan and other matrix protein, including those on cell surfaces in tissues to regulate the localization, synthesis and degradation of hyaluronan which are essential to cells undergoing biological processes.
kmeans	8	Light Sky Blue	8	SERPINA11	9606.ENSP00000335024	Serpin family A member 11.
kmeans	9	Medium Blue	44	ADGRG1	9606.ENSP00000455215	Adhesion G-protein coupled receptor G1; Receptor involved in cell adhesion and probably in cell-cell interactions. Mediates cell matrix adhesion in developing neurons and hematopoietic stem cells. Receptor for collagen III/COL3A1 in the developing brain and involved in regulation of cortical development, specifically in maintenance of the pial basement membrane integrity and in cortical lamination (By similarity). Binding to the COL3A1 ligand inhibits neuronal migration and activates the RhoA pathway by coupling to GNA13 and possibly GNA12. Plays a role in the maintenance of hematopoie [...] 
kmeans	9	Medium Blue	44	ADM	9606.ENSP00000436607	Proadrenomedullin N-20 terminal peptide; AM and PAMP are potent hypotensive and vasodilatator agents. Numerous actions have been reported most related to the physiologic control of fluid and electrolyte homeostasis. In the kidney, am is diuretic and natriuretic, and both am and pamp inhibit aldosterone secretion by direct adrenal actions. In pituitary gland, both peptides at physiologically relevant doses inhibit basal ACTH secretion. Both peptides appear to act in brain and pituitary gland to facilitate the loss of plasma volume, actions which complement their hypotensive effects in b [...] 
kmeans	9	Medium Blue	44	CCL3	9606.ENSP00000477908	C-C motif chemokine 3; Monokine with inflammatory and chemokinetic properties. Binds to CCR1, CCR4 and CCR5. One of the major HIV-suppressive factors produced by CD8+ T-cells. Recombinant MIP-1-alpha induces a dose- dependent inhibition of different strains of HIV-1, HIV-2, and simian immunodeficiency virus (SIV); Belongs to the intercrine beta (chemokine CC) family.
kmeans	9	Medium Blue	44	CD274	9606.ENSP00000370989	Programmed cell death 1 ligand 1; Plays a critical role in induction and maintenance of immune tolerance to self. As a ligand for the inhibitory receptor PDCD1/PD-1, modulates the activation threshold of T-cells and limits T-cell effector response. Through a yet unknown activating receptor, may costimulate T-cell subsets that predominantly produce interleukin-10 (IL10).
kmeans	9	Medium Blue	44	CD74	9606.ENSP00000009530	HLA class II histocompatibility antigen gamma chain; Plays a critical role in MHC class II antigen processing by stabilizing peptide-free class II alpha/beta heterodimers in a complex soon after their synthesis and directing transport of the complex from the endoplasmic reticulum to the endosomal/lysosomal system where the antigen processing and binding of antigenic peptides to MHC class II takes place. Serves as cell surface receptor for the cytokine MIF.
kmeans	9	Medium Blue	44	CD83	9606.ENSP00000368450	CD83 antigen; May play a significant role in antigen presentation or the cellular interactions that follow lymphocyte activation.
kmeans	9	Medium Blue	44	CLEC6A	9606.ENSP00000371505	C-type lectin domain family 6 member A; Binds high-mannose carbohydrates in a Ca(2+)-dependent manner. Functional receptor for alpha-mannans on C.albicans hypheas. Plays an important role in the host defense against C.albicans infection by inducing TH17 cell differentiation. Recognizes also, in a mannose-dependent manner, allergens from house dust mite and fungi, by promoting cysteinyl leukotriene production. Recognizes soluble elements from the eggs of Shistosoma mansoni altering adaptive immune responses. Transduces signals through an Fc receptor gamma chain /FCER1G and Syk- CARD9-NF [...] 
kmeans	9	Medium Blue	44	CXCL16	9606.ENSP00000293778	C-X-C motif chemokine 16; Acts as a scavenger receptor on macrophages, which specifically binds to OxLDL (oxidized low density lipoprotein), suggesting that it may be involved in pathophysiology such as atherogenesis (By similarity). Induces a strong chemotactic response. Induces calcium mobilization. Binds to CXCR6/Bonzo; Belongs to the intercrine alpha (chemokine CxC) family.
kmeans	9	Medium Blue	44	FABP4	9606.ENSP00000256104	Fatty acid-binding protein, adipocyte; Lipid transport protein in adipocytes. Binds both long chain fatty acids and retinoic acid. Delivers long-chain fatty acids and retinoic acid to their cognate receptors in the nucleus. Belongs to the calycin superfamily. Fatty-acid binding protein (FABP) family.
kmeans	9	Medium Blue	44	FAS	9606.ENSP00000498466	Tumor necrosis factor receptor superfamily member 6; Receptor for TNFSF6/FASLG. The adapter molecule FADD recruits caspase-8 to the activated receptor. The resulting death-inducing signaling complex (DISC) performs caspase-8 proteolytic activation which initiates the subsequent cascade of caspases (aspartate-specific cysteine proteases) mediating apoptosis. FAS-mediated apoptosis may have a role in the induction of peripheral tolerance, in the antigen- stimulated suicide of mature T-cells, or both. The secreted isoforms 2 to 6 block apoptosis (in vitro).
kmeans	9	Medium Blue	44	FCAR	9606.ENSP00000347714	Immunoglobulin alpha Fc receptor; Binds to the Fc region of immunoglobulins alpha. Mediates several functions including cytokine production.
kmeans	9	Medium Blue	44	FURIN	9606.ENSP00000483552	Furin; Ubiquitous endoprotease within constitutive secretory pathways capable of cleavage at the RX(K/R)R consensus motif. Mediates processing of TGFB1, an essential step in TGF-beta-1 activation. (Microbial infection) Required for H7N1 and H5N1 influenza virus infection probably by cleaving hemagglutinin.
kmeans	9	Medium Blue	44	GFAP	9606.ENSP00000253408	Glial fibrillary acidic protein; GFAP, a class-III intermediate filament, is a cell-specific marker that, during the development of the central nervous system, distinguishes astrocytes from other glial cells.
kmeans	9	Medium Blue	44	GHRL	9606.ENSP00000335074	Appetite-regulating hormone; Ghrelin is the ligand for growth hormone secretagogue receptor type 1 (GHSR). Induces the release of growth hormone from the pituitary. Has an appetite-stimulating effect, induces adiposity and stimulates gastric acid secretion. Involved in growth regulation.
kmeans	9	Medium Blue	44	HAVCR2	9606.ENSP00000312002	Hepatitis A virus cellular receptor 2; Cell surface receptor implicated in modulating innate and adaptive immune responses. Generally accepted to have an inhibiting function. Reports on stimulating functions suggest that the activity may be influenced by the cellular context and/or the respective ligand. Regulates macrophage activation. Inhibits T-helper type 1 lymphocyte (Th1)-mediated auto- and alloimmune responses and promotes immunological tolerance. In CD8+ cells attenuates TCR-induced signaling, specifically by blocking NF-kappaB and NFAT promoter activities resulting in the loss [...] 
kmeans	9	Medium Blue	44	IGFBP4	9606.ENSP00000269593	Insulin-like growth factor-binding protein 4; IGF-binding proteins prolong the half-life of the IGFs and have been shown to either inhibit or stimulate the growth promoting effects of the IGFs on cell culture. They alter the interaction of IGFs with their cell surface receptors.
kmeans	9	Medium Blue	44	IL10RB	9606.ENSP00000290200	Interleukin-10 receptor subunit beta; Shared cell surface receptor required for the activation of five class 2 cytokines: IL10, IL22, IL26, IL28, and IFNL1. The IFNLR1/IL10RB dimer is a receptor for the cytokine ligands IFNL2 and IFNL3 and mediates their antiviral activity. The ligand/receptor complex stimulate the activation of the JAK/STAT signaling pathway leading to the expression of IFN-stimulated genes (ISG), which contribute to the antiviral state.
kmeans	9	Medium Blue	44	IL18BP	9606.ENSP00000434717	Interleukin-18-binding protein; Isoform A binds to IL-18 and inhibits its activity. Functions as an inhibitor of the early TH1 cytokine response.
kmeans	9	Medium Blue	44	IL18R1	9606.ENSP00000387211	Interleukin-18 receptor 1; Within the IL18 receptor complex, responsible for the binding of the proinflammatory cytokine IL18, but not IL1A nor IL1B. Involved in IL18-mediated IFNG synthesis from T-helper 1 (Th1) cells. Contributes to IL18-induced cytokine production, either independently of SLC12A3, or as a complex with SLC12A3 (By similarity).
kmeans	9	Medium Blue	44	IL1RN	9606.ENSP00000259206	Interleukin-1 receptor antagonist protein; Inhibits the activity of interleukin-1 by binding to receptor IL1R1 and preventing its association with the coreceptor IL1RAP for signaling. Has no interleukin-1 like activity. Binds functional interleukin-1 receptor IL1R1 with greater affinity than decoy receptor IL1R2; however, the physiological relevance of the latter association is unsure.
kmeans	9	Medium Blue	44	IL5RA	9606.ENSP00000412209	Interleukin-5 receptor subunit alpha; This is the receptor for interleukin-5. The alpha chain binds to IL5; Belongs to the type I cytokine receptor family. Type 5 subfamily.
kmeans	9	Medium Blue	44	ITGB2	9606.ENSP00000380948	Integrin beta-2; Integrin ITGAL/ITGB2 is a receptor for ICAM1, ICAM2, ICAM3 and ICAM4. Integrin ITGAL/ITGB2 is also a receptor for the secreted form of ubiquitin-like protein ISG15; the interaction is mediated by ITGAL. Integrins ITGAM/ITGB2 and ITGAX/ITGB2 are receptors for the iC3b fragment of the third complement component and for fibrinogen. Integrin ITGAX/ITGB2 recognizes the sequence G-P-R in fibrinogen alpha-chain. Integrin ITGAM/ITGB2 recognizes P1 and P2 peptides of fibrinogen gamma chain. Integrin ITGAM/ITGB2 is also a receptor for factor X. Integrin ITGAD/ITGB2 is a receptor [...] 
kmeans	9	Medium Blue	44	KRT18	9606.ENSP00000373489	Keratin, type I cytoskeletal 18; Involved in the uptake of thrombin-antithrombin complexes by hepatic cells (By similarity). When phosphorylated, plays a role in filament reorganization. Involved in the delivery of mutated CFTR to the plasma membrane. Together with KRT8, is involved in interleukin-6 (IL-6)-mediated barrier protection.
kmeans	9	Medium Blue	44	LGALS9	9606.ENSP00000378856	Galectin-9; Binds galactosides. Has high affinity for the Forssman pentasaccharide. Ligand for HAVCR2/TIM3. Binding to HAVCR2 induces T-helper type 1 lymphocyte (Th1) death. Also stimulates bactericidal activity in infected macrophages by causing macrophage activation and IL1B secretion which restricts intracellular bacterial growth (By similarity). Ligand for P4HB; the interaction retains P4HB at the cell surface of Th2 T-helper cells, increasing disulfide reductase activity at the plasma membrane, altering the plasma membrane redox state and enhancing cell migration. Ligand for CD44; [...] 
kmeans	9	Medium Blue	44	LY96	9606.ENSP00000284818	Lymphocyte antigen 96; Binds bacterial lipopolysaccharide (LPS). Cooperates with TLR4 in the innate immune response to bacterial lipopolysaccharide (LPS), and with TLR2 in the response to cell wall components from Gram-positive and Gram-negative bacteria. Enhances TLR4-dependent activation of NF-kappa-B. Cells expressing both LY96 and TLR4, but not TLR4 alone, respond to LPS.
kmeans	9	Medium Blue	44	MERTK	9606.ENSP00000295408	Tyrosine-protein kinase Mer; Receptor tyrosine kinase that transduces signals from the extracellular matrix into the cytoplasm by binding to several ligands including LGALS3, TUB, TULP1 or GAS6. Regulates many physiological processes including cell survival, migration, differentiation, and phagocytosis of apoptotic cells (efferocytosis). Ligand binding at the cell surface induces autophosphorylation of MERTK on its intracellular domain that provides docking sites for downstream signaling molecules. Following activation by ligand, interacts with GRB2 or PLCG2 and induces phosphorylation [...] 
kmeans	9	Medium Blue	44	NEFL	9606.ENSP00000482169	Neurofilament light polypeptide; Neurofilaments usually contain three intermediate filament proteins: L, M, and H which are involved in the maintenance of neuronal caliber.
kmeans	9	Medium Blue	44	PDGFRA	9606.ENSP00000257290	Platelet-derived growth factor receptor alpha; Tyrosine-protein kinase that acts as a cell-surface receptor for PDGFA, PDGFB and PDGFC and plays an essential role in the regulation of embryonic development, cell proliferation, survival and chemotaxis. Depending on the context, promotes or inhibits cell proliferation and cell migration. Plays an important role in the differentiation of bone marrow-derived mesenchymal stem cells. Required for normal skeleton development and cephalic closure during embryonic development. Required for normal development of the mucosa lining the gastrointes [...] 
kmeans	9	Medium Blue	44	PIGR	9606.ENSP00000348888	Polymeric immunoglobulin receptor; This receptor binds polymeric IgA and IgM at the basolateral surface of epithelial cells. The complex is then transported across the cell to be secreted at the apical surface. During this process a cleavage occurs that separates the extracellular (known as the secretory component) from the transmembrane segment.
kmeans	9	Medium Blue	44	PLA2G10	9606.ENSP00000393847	Group 10 secretory phospholipase A2; PA2 catalyzes the calcium-dependent hydrolysis of the 2-acyl groups in 3-sn-phosphoglycerides. Has a powerful potency for releasing arachidonic acid from cell membrane phospholipids. Prefers phosphatidylethanolamine and phosphatidylcholine liposomes to those of phosphatidylserine.
kmeans	9	Medium Blue	44	PVR	9606.ENSP00000402060	Poliovirus receptor; Mediates NK cell adhesion and triggers NK cell effector functions. Binds two different NK cell receptors: CD96 and CD226. These interactions accumulates at the cell-cell contact site, leading to the formation of a mature immunological synapse between NK cell and target cell. This may trigger adhesion and secretion of lytic granules and IFN-gamma and activate cytoxicity of activated NK cells. May also promote NK cell-target cell modular exchange, and PVR transfer to the NK cell. This transfer is more important in some tumor cells expressing a lot of PVR, and may tri [...] 
kmeans	9	Medium Blue	44	SIGLEC1	9606.ENSP00000341141	Sialoadhesin; Acts as an endocytic receptor mediating clathrin dependent endocytosis. Macrophage-restricted adhesion molecule that mediates sialic-acid dependent binding to lymphocytes, including granulocytes, monocytes, natural killer cells, B-cells and CD8 T-cells. Preferentially binds to alpha-2,3-linked sialic acid (By similarity). Binds to SPN/CD43 on T-cells (By similarity). May play a role in hemopoiesis.
kmeans	9	Medium Blue	44	SMPD1	9606.ENSP00000340409	Sphingomyelin phosphodiesterase; Converts sphingomyelin to ceramide. Also has phospholipase C activities toward 1,2-diacylglycerolphosphocholine and 1,2-diacylglycerolphosphoglycerol. Isoform 3 lacks residues that bind the cofactor Zn(2+) and has no enzyme activity; Belongs to the acid sphingomyelinase family.
kmeans	9	Medium Blue	44	STC1	9606.ENSP00000290271	Stanniocalcin-1; Stimulates renal phosphate reabsorption, and could therefore prevent hypercalcemia.
kmeans	9	Medium Blue	44	TIMP1	9606.ENSP00000218388	Metalloproteinase inhibitor 1; Metalloproteinase inhibitor that functions by forming one to one complexes with target metalloproteinases, such as collagenases, and irreversibly inactivates them by binding to their catalytic zinc cofactor. Acts on MMP1, MMP2, MMP3, MMP7, MMP8, MMP9, MMP10, MMP11, MMP12, MMP13 and MMP16. Does not act on MMP14. Also functions as a growth factor that regulates cell differentiation, migration and cell death and activates cellular signaling cascades via CD63 and ITGB1. Plays a role in integrin signaling. Mediates erythropoiesis in vitro; but, unlike IL3, it  [...] 
kmeans	9	Medium Blue	44	TNF	9606.ENSP00000398698	Tumor necrosis factor, membrane form; Cytokine that binds to TNFRSF1A/TNFR1 and TNFRSF1B/TNFBR. It is mainly secreted by macrophages and can induce cell death of certain tumor cell lines. It is potent pyrogen causing fever by direct action or by stimulation of interleukin-1 secretion and is implicated in the induction of cachexia, Under certain conditions it can stimulate cell proliferation and induce cell differentiation. Impairs regulatory T- cells (Treg) function in individuals with rheumatoid arthritis via FOXP3 dephosphorylation. Upregulates the expression of protein phosphatase 1 [...] 
kmeans	9	Medium Blue	44	TNFRSF10B	9606.ENSP00000276431	Tumor necrosis factor receptor superfamily member 10B; Receptor for the cytotoxic ligand TNFSF10/TRAIL. The adapter molecule FADD recruits caspase-8 to the activated receptor. The resulting death-inducing signaling complex (DISC) performs caspase-8 proteolytic activation which initiates the subsequent cascade of caspases (aspartate-specific cysteine proteases) mediating apoptosis. Promotes the activation of NF-kappa-B. Essential for ER stress-induced apoptosis.
kmeans	9	Medium Blue	44	TNFRSF11A	9606.ENSP00000465500	Tumor necrosis factor receptor superfamily member 11A; Receptor for TNFSF11/RANKL/TRANCE/OPGL; essential for RANKL- mediated osteoclastogenesis. Involved in the regulation of interactions between T-cells and dendritic cells.
kmeans	9	Medium Blue	44	TNFRSF1A	9606.ENSP00000162749	Tumor necrosis factor receptor superfamily member 1A, membrane form; Receptor for TNFSF2/TNF-alpha and homotrimeric TNFSF1/lymphotoxin-alpha. The adapter molecule FADD recruits caspase-8 to the activated receptor. The resulting death-inducing signaling complex (DISC) performs caspase-8 proteolytic activation which initiates the subsequent cascade of caspases (aspartate-specific cysteine proteases) mediating apoptosis. Contributes to the induction of non-cytocidal TNF effects including anti-viral state and activation of the acid sphingomyelinase.
kmeans	9	Medium Blue	44	TNFRSF1B	9606.ENSP00000365435	Tumor necrosis factor receptor superfamily member 1b, membrane form; Receptor with high affinity for TNFSF2/TNF-alpha and approximately 5-fold lower affinity for homotrimeric TNFSF1/lymphotoxin-alpha. The TRAF1/TRAF2 complex recruits the apoptotic suppressors BIRC2 and BIRC3 to TNFRSF1B/TNFR2. This receptor mediates most of the metabolic effects of TNF-alpha. Isoform 2 blocks TNF-alpha-induced apoptosis, which suggests that it regulates TNF-alpha function by antagonizing its biological activity.
kmeans	9	Medium Blue	44	TNFRSF6B	9606.ENSP00000359013	Tumor necrosis factor receptor superfamily member 6B; Decoy receptor that can neutralize the cytotoxic ligands TNFS14/LIGHT, TNFSF15 and TNFSF6/FASL. Protects against apoptosis.
kmeans	9	Medium Blue	44	TNFSF12	9606.ENSP00000293825	Tumor necrosis factor ligand superfamily member 12, membrane form; Binds to FN14 and possibly also to TNRFSF12/APO3. Weak inducer of apoptosis in some cell types. Mediates NF-kappa-B activation. Promotes angiogenesis and the proliferation of endothelial cells. Also involved in induction of inflammatory cytokines. Promotes IL8 secretion; Belongs to the tumor necrosis factor family.
kmeans	9	Medium Blue	44	TNFSF13	9606.ENSP00000343505	Tumor necrosis factor ligand superfamily member 13; Cytokine that binds to TNFRSF13B/TACI and to TNFRSF17/BCMA. Plays a role in the regulation of tumor cell growth. May be involved in monocyte/macrophage-mediated immunological processes.
kmeans	9	Medium Blue	44	TREM2	9606.ENSP00000362205	Triggering receptor expressed on myeloid cells 2; Forms a receptor signaling complex with TYROBP which mediates signaling and cell activation following ligand binding. Acts as a receptor for amyloid-beta protein 42, a cleavage product of the amyloid-beta precursor protein APP, and mediates its uptake and degradation by microglia. Binding to amyloid-beta 42 mediates microglial activation, proliferation, migration, apoptosis and expression of pro- inflammatory cytokines, such as IL6R and CCL3, and the anti- inflammatory cytokine ARG1 (By similarity). Acts as a receptor for lipoprotein pa [...] 
kmeans	10	Purple	11	ADGRG2	9606.ENSP00000369198	Adhesion G-protein coupled receptor G2; Orphan receptor. Could be involved in a signal transduction pathway controlling epididymal function and male fertility. May regulate fluid exchange within epididymis. Belongs to the G-protein coupled receptor 2 family. Adhesion G-protein coupled receptor (ADGR) subfamily.
kmeans	10	Purple	11	CPM	9606.ENSP00000339157	Carboxypeptidase M; Specifically removes C-terminal basic residues (Arg or Lys) from peptides and proteins. It is believed to play important roles in the control of peptide hormone and growth factor activity at the cell surface, and in the membrane-localized degradation of extracellular proteins; Belongs to the peptidase M14 family.
kmeans	10	Purple	11	DCBLD2	9606.ENSP00000321573	Discoidin, CUB and LCCL domain containing 2.
kmeans	10	Purple	11	DPP7	9606.ENSP00000360635	Dipeptidyl peptidase 2; Plays an important role in the degradation of some oligopeptides.
kmeans	10	Purple	11	MZB1	9606.ENSP00000303920	Marginal zone B- and B1-cell-specific protein; Associates with immunoglobulin M (IgM) heavy and light chains and promotes IgM assembly and secretion. May exert its effect by acting as a molecular chaperone or as an oxidoreductase as it displays a low level of oxidoreductase activity (By similarity). Isoform 2 may be involved in regulation of apoptosis. Helps to diversify peripheral B- cell functions by regulating Ca(2+) stores, antibody secretion and integrin activation; Belongs to the MZB1 family.
kmeans	10	Purple	11	OMG	9606.ENSP00000247271	Oligodendrocyte-myelin glycoprotein; Cell adhesion molecule contributing to the interactive process required for myelination in the central nervous system.
kmeans	10	Purple	11	PAG1	9606.ENSP00000220597	Phosphoprotein associated with glycosphingolipid-enriched microdomains 1; Negatively regulates TCR (T-cell antigen receptor)-mediated signaling in T-cells and FCER1 (high affinity immunoglobulin epsilon receptor)-mediated signaling in mast cells. Promotes CSK activation and recruitment to lipid rafts, which results in LCK inhibition. Inhibits immunological synapse formation by preventing dynamic arrangement of lipid raft proteins. May be involved in cell adhesion signaling.
kmeans	10	Purple	11	PIK3IP1	9606.ENSP00000215912	Phosphoinositide-3-kinase-interacting protein 1; Negative regulator of hepatic phosphatidylinositol 3-kinase (PI3K) activity.
kmeans	10	Purple	11	PLA2G15	9606.ENSP00000219345	Group XV phospholipase A2; Has transacylase and calcium-independent phospholipase A2 activity. Catalyzes the formation of 1-O-acyl-N-acetylsphingosine and the concomitant release of a lyso- phospholipid. Has high activity with 1-palmitoyl-2-oleoyl-sn-glycero-3-phosphocholine (POPC) and 1,2- dioleoyl-sn-glycero-3-phosphocholine (DOPC), catalyzing the transfer of oleic acid to N-acetyl-sphingosine. Required for normal phospholipid degradation in alveolar and peritoneal macrophages and in spleen (By similarity). May have weak lysophospholipase activity.
kmeans	10	Purple	11	TNC	9606.ENSP00000265131	Tenascin; Extracellular matrix protein implicated in guidance of migrating neurons as well as axons during development, synaptic plasticity as well as neuronal regeneration. Promotes neurite outgrowth from cortical neurons grown on a monolayer of astrocytes. Ligand for integrins alpha-8/beta-1, alpha-9/beta-1, alpha-V/beta-3 and alpha- V/beta-6. In tumors, stimulates angiogenesis by elongation, migration and sprouting of endothelial cells.
kmeans	10	Purple	11	TPP1	9606.ENSP00000299427	Tripeptidyl-peptidase 1; Lysosomal serine protease with tripeptidyl-peptidase I activity. May act as a non-specific lysosomal peptidase which generates tripeptides from the breakdown products produced by lysosomal proteinases. Requires substrates with an unsubstituted N-terminus.
